cnt,date,year,month,day,janken,special,season,int_gu,int_ch,int_pa
1,1991-11-10,1991,11,10,1,,,1,1,1
2,1991-11-17,1991,11,17,0,,,2,1,2
3,1991-11-24,1991,11,24,0,,,1,2,3
4,1991-12-01,1991,12,1,2,,,1,3,4
5,1991-12-08,1991,12,8,1,,,2,4,1
6,1991-12-15,1991,12,15,0,,,3,1,2
7,1991-12-22,1991,12,22,2,,,1,2,3
8,1991-12-29,1991,12,29,0,,,2,3,1
9,1992-01-05,1992,1,5,1,,1,1,4,2
10,1992-01-12,1992,1,12,2,,,2,1,3
11,1992-01-19,1992,1,19,0,,,3,2,1
12,1992-01-26,1992,1,26,1,,,1,3,2
13,1992-02-02,1992,2,2,1,,,2,1,3
14,1992-02-09,1992,2,9,2,,,3,1,4
15,1992-02-16,1992,2,16,0,,,4,2,1
16,1992-02-23,1992,2,23,1,,,1,3,2
17,1992-03-01,1992,3,1,2,,,2,1,3
18,1992-03-08,1992,3,8,0,,,3,2,1
19,1992-03-15,1992,3,15,1,,,1,3,2
20,1992-03-22,1992,3,22,2,,,2,1,3
21,1992-03-29,1992,3,29,0,,,3,2,1
22,1992-04-05,1992,4,5,0,,1,1,3,2
23,1992-04-12,1992,4,12,1,,,1,4,3
24,1992-04-19,1992,4,19,2,,,2,1,4
25,1992-04-26,1992,4,26,0,,,3,2,1
26,1992-05-03,1992,5,3,2,,,1,3,2
27,1992-05-10,1992,5,10,1,,,2,4,1
28,1992-05-17,1992,5,17,0,,,3,1,2
29,1992-05-24,1992,5,24,1,,,1,2,3
30,1992-05-31,1992,5,31,2,,,2,1,4
31,1992-06-07,1992,6,7,0,,,3,2,1
32,1992-06-14,1992,6,14,0,,,1,3,2
33,1992-06-21,1992,6,21,2,,,1,4,3
34,1992-06-28,1992,6,28,2,,,2,5,1
35,1992-07-05,1992,7,5,0,,1,3,6,1
36,1992-07-12,1992,7,12,1,,,1,7,2
37,1992-07-19,1992,7,19,2,1,,2,1,3
38,1992-07-26,1992,7,26,0,,,3,2,1
39,1992-08-02,1992,8,2,1,,,1,3,2
40,1992-08-09,1992,8,9,0,,,2,1,3
41,1992-08-16,1992,8,16,2,,,1,2,4
42,1992-08-23,1992,8,23,2,,,2,3,1
43,1992-08-30,1992,8,30,1,,,3,4,1
44,1992-09-06,1992,9,6,1,,,4,1,2
45,1992-09-13,1992,9,13,0,,,5,1,3
46,1992-09-20,1992,9,20,2,,,1,2,4
47,1992-09-27,1992,9,27,1,,,2,3,1
48,1992-10-04,1992,10,4,0,,1,3,1,2
49,1992-10-11,1992,10,11,1,,,1,2,3
50,1992-10-18,1992,10,18,1,,,2,1,4
51,1992-10-25,1992,10,25,2,,,3,1,5
52,1992-11-01,1992,11,1,0,,,4,2,1
53,1992-11-08,1992,11,8,2,,,1,3,2
54,1992-11-15,1992,11,15,2,,,2,4,1
55,1992-11-22,1992,11,22,1,,,3,5,1
56,1992-11-29,1992,11,29,0,,,4,1,2
57,1992-12-06,1992,12,6,2,,,1,2,3
58,1992-12-13,1992,12,13,0,,,2,3,1
59,1992-12-20,1992,12,20,1,,,1,4,2
60,1992-12-27,1992,12,27,0,,,2,1,3
61,1993-01-03,1993,1,3,2,,1,1,2,4
62,1993-01-10,1993,1,10,2,,,2,3,1
63,1993-01-17,1993,1,17,0,,,3,4,1
64,1993-01-24,1993,1,24,1,,,1,5,2
65,1993-01-31,1993,1,31,0,,,2,1,3
66,1993-02-07,1993,2,7,1,,,1,2,4
67,1993-02-14,1993,2,14,0,,,2,1,5
68,1993-02-21,1993,2,21,2,,,1,2,6
69,1993-02-28,1993,2,28,0,,,2,3,1
70,1993-03-07,1993,3,7,0,,,1,4,2
71,1993-03-14,1993,3,14,1,,,1,5,3
72,1993-03-21,1993,3,21,2,,,2,1,4
73,1993-03-28,1993,3,28,1,,,3,2,1
74,1993-04-04,1993,4,4,2,,1,4,1,2
75,1993-04-11,1993,4,11,2,,,5,2,1
76,1993-04-18,1993,4,18,0,,,6,3,1
77,1993-04-25,1993,4,25,1,,,1,4,2
78,1993-05-02,1993,5,2,0,,,2,1,3
79,1993-05-09,1993,5,9,1,,,1,2,4
80,1993-05-16,1993,5,16,1,,,2,1,5
81,1993-05-23,1993,5,23,2,,,3,1,6
82,1993-05-30,1993,5,30,2,,,4,2,1
83,1993-06-06,1993,6,6,1,,,5,3,1
84,1993-06-13,1993,6,13,0,,,6,1,2
85,1993-06-20,1993,6,20,0,,,1,2,3
86,1993-06-27,1993,6,27,0,,,1,3,4
87,1993-07-04,1993,7,4,0,,1,1,4,5
88,1993-07-11,1993,7,11,1,,,1,5,6
89,1993-07-18,1993,7,18,2,,,2,1,7
90,1993-08-01,1993,8,1,0,,,3,2,1
91,1993-08-08,1993,8,8,1,,,1,3,2
92,1993-08-15,1993,8,15,0,,,2,1,3
93,1993-08-22,1993,8,22,2,,,1,2,4
94,1993-08-29,1993,8,29,1,,,2,3,1
95,1993-09-05,1993,9,5,1,,,3,1,2
96,1993-09-12,1993,9,12,2,,,4,1,3
97,1993-09-19,1993,9,19,0,,,5,2,1
98,1993-09-26,1993,9,26,0,,,1,3,2
99,1993-10-03,1993,10,3,1,,1,1,4,3
100,1993-10-10,1993,10,10,2,,,2,1,4
101,1993-10-17,1993,10,17,0,,,3,2,1
102,1993-10-24,1993,10,24,0,,,1,3,2
103,1993-10-31,1993,10,31,2,,,1,4,3
104,1993-11-07,1993,11,7,1,,,2,5,1
105,1993-11-14,1993,11,14,1,,,3,1,2
106,1993-11-21,1993,11,21,2,,,4,1,3
107,1993-11-28,1993,11,28,0,,,5,2,1
108,1993-12-05,1993,12,5,2,,,1,3,2
109,1993-12-12,1993,12,12,1,,,2,4,1
110,1993-12-19,1993,12,19,0,,,3,1,2
111,1993-12-26,1993,12,26,0,,,1,2,3
112,1994-01-02,1994,1,2,2,,1,1,3,4
113,1994-01-09,1994,1,9,0,,,2,4,1
114,1994-01-16,1994,1,16,1,,,1,5,2
115,1994-01-23,1994,1,23,0,,,2,1,3
116,1994-01-30,1994,1,30,1,,,1,2,4
117,1994-02-06,1994,2,6,2,,,2,1,5
118,1994-02-13,1994,2,13,2,,,3,2,1
119,1994-02-20,1994,2,20,1,,,4,3,1
120,1994-02-27,1994,2,27,0,,,5,1,2
121,1994-03-06,1994,3,6,0,,,1,2,3
122,1994-03-13,1994,3,13,2,,,1,3,4
123,1994-03-20,1994,3,20,2,,,2,4,1
124,1994-03-27,1994,3,27,1,,,3,5,1
125,1994-04-03,1994,4,3,1,,1,4,1,2
126,1994-04-10,1994,4,10,2,,,5,1,3
127,1994-04-17,1994,4,17,0,,,6,2,1
128,1994-04-24,1994,4,24,1,,,1,3,2
129,1994-05-01,1994,5,1,0,,,2,1,3
130,1994-05-08,1994,5,8,2,,,1,2,4
131,1994-05-15,1994,5,15,2,,,2,3,1
132,1994-05-22,1994,5,22,1,,,3,4,1
133,1994-05-29,1994,5,29,0,,,4,1,2
134,1994-06-05,1994,6,5,1,,,1,2,3
135,1994-06-12,1994,6,12,2,,,2,1,4
136,1994-06-19,1994,6,19,1,,,3,2,1
137,1994-06-26,1994,6,26,0,,,4,1,2
138,1994-07-03,1994,7,3,2,,1,1,2,3
139,1994-07-10,1994,7,10,1,,,2,3,1
140,1994-07-17,1994,7,17,1,,,3,1,2
141,1994-07-31,1994,7,31,2,,,4,1,3
142,1994-08-07,1994,8,7,0,,,5,2,1
143,1994-08-14,1994,8,14,0,,,1,3,2
144,1994-08-21,1994,8,21,1,,,1,4,3
145,1994-08-28,1994,8,28,2,,,2,1,4
146,1994-09-04,1994,9,4,0,,,3,2,1
147,1994-09-11,1994,9,11,2,,,1,3,2
148,1994-09-18,1994,9,18,1,,,2,4,1
149,1994-09-25,1994,9,25,0,,,3,1,2
150,1994-10-02,1994,10,2,0,,1,1,2,3
151,1994-10-09,1994,10,9,2,,,1,3,4
152,1994-10-23,1994,10,23,2,,,2,4,1
153,1994-10-30,1994,10,30,1,,,3,5,1
154,1994-11-06,1994,11,6,0,,,4,1,2
155,1994-11-13,1994,11,13,1,,,1,2,3
156,1994-11-20,1994,11,20,2,,,2,1,4
157,1994-11-27,1994,11,27,1,,,3,2,1
158,1994-12-04,1994,12,4,0,,,4,1,2
159,1994-12-11,1994,12,11,2,,,1,2,3
160,1994-12-18,1994,12,18,0,,,2,3,1
161,1994-12-25,1994,12,25,2,,,1,4,2
162,1995-01-08,1995,1,8,1,,1,2,5,1
163,1995-01-15,1995,1,15,0,,,3,1,2
164,1995-01-22,1995,1,22,2,,,1,2,3
165,1995-01-29,1995,1,29,0,,,2,3,1
166,1995-02-05,1995,2,5,1,,,1,4,2
167,1995-02-12,1995,2,12,1,,,2,1,3
168,1995-02-19,1995,2,19,2,,,3,1,4
169,1995-02-26,1995,2,26,1,,,4,2,1
170,1995-03-05,1995,3,5,0,,,5,1,2
171,1995-03-12,1995,3,12,2,,,1,2,3
172,1995-03-19,1995,3,19,2,,,2,3,1
173,1995-03-26,1995,3,26,1,,,3,4,1
174,1995-04-02,1995,4,2,0,,1,4,1,2
175,1995-04-09,1995,4,9,2,,,1,2,3
176,1995-04-16,1995,4,16,1,,,2,3,1
177,1995-04-23,1995,4,23,0,,,3,1,2
178,1995-04-30,1995,4,30,1,,,1,2,3
179,1995-05-07,1995,5,7,2,,,2,1,4
180,1995-05-14,1995,5,14,2,,,3,2,1
181,1995-05-21,1995,5,21,1,,,4,3,1
182,1995-05-28,1995,5,28,0,,,5,1,2
183,1995-06-04,1995,6,4,0,,,1,2,3
184,1995-06-11,1995,6,11,1,,,1,3,4
185,1995-06-18,1995,6,18,2,,,2,1,5
186,1995-06-25,1995,6,25,1,,,3,2,1
187,1995-07-02,1995,7,2,0,,1,4,1,2
188,1995-07-09,1995,7,9,2,,,1,2,3
189,1995-07-16,1995,7,16,2,1,,2,3,1
190,1995-07-23,1995,7,23,0,,,3,4,1
191,1995-07-30,1995,7,30,1,,,1,5,2
192,1995-08-06,1995,8,6,1,,,2,1,3
193,1995-08-13,1995,8,13,0,,,3,1,4
194,1995-08-20,1995,8,20,2,,,1,2,5
195,1995-08-27,1995,8,27,1,,,2,3,1
196,1995-09-03,1995,9,3,2,,,3,1,2
197,1995-09-10,1995,9,10,2,,,4,2,1
198,1995-09-17,1995,9,17,0,,,5,3,1
199,1995-09-24,1995,9,24,1,,,1,4,2
200,1995-10-01,1995,10,1,1,,1,2,1,3
201,1995-10-08,1995,10,8,2,,,3,1,4
202,1995-10-15,1995,10,15,0,,,4,2,1
203,1995-10-22,1995,10,22,0,,,1,3,2
204,1995-10-29,1995,10,29,2,,,1,4,3
205,1995-11-05,1995,11,5,1,,,2,5,1
206,1995-11-12,1995,11,12,2,,,3,1,2
207,1995-11-19,1995,11,19,0,,,4,2,1
208,1995-11-26,1995,11,26,1,,,1,3,2
209,1995-12-03,1995,12,3,1,,,2,1,3
210,1995-12-10,1995,12,10,0,,,3,1,4
211,1995-12-17,1995,12,17,2,,,1,2,5
212,1995-12-24,1995,12,24,1,,,2,3,1
213,1995-12-31,1995,12,31,2,,,3,1,2
214,1996-01-07,1996,1,7,1,,1,4,2,1
215,1996-01-14,1996,1,14,0,,,5,1,2
216,1996-01-21,1996,1,21,0,,,1,2,3
217,1996-01-28,1996,1,28,2,,,1,3,4
218,1996-02-04,1996,2,4,1,,,2,4,1
219,1996-02-11,1996,2,11,2,,,3,1,2
220,1996-02-18,1996,2,18,2,,,4,2,1
221,1996-02-25,1996,2,25,0,,,5,3,1
222,1996-03-03,1996,3,3,1,,,1,4,2
223,1996-03-10,1996,3,10,1,,,2,1,3
224,1996-03-17,1996,3,17,0,,,3,1,4
225,1996-03-24,1996,3,24,2,,,1,2,5
226,1996-03-31,1996,3,31,0,,,2,3,1
227,1996-04-07,1996,4,7,1,,1,1,4,2
228,1996-04-14,1996,4,14,2,,,2,1,3
229,1996-04-21,1996,4,21,2,,,3,2,1
230,1996-04-28,1996,4,28,1,,,4,3,1
231,1996-05-05,1996,5,5,0,,,5,1,2
232,1996-05-12,1996,5,12,0,,,1,2,3
233,1996-05-19,1996,5,19,1,,,1,3,4
234,1996-05-26,1996,5,26,2,,,2,1,5
235,1996-06-02,1996,6,2,1,,,3,2,1
236,1996-06-09,1996,6,9,2,,,4,1,2
237,1996-06-16,1996,6,16,0,,,5,2,1
238,1996-06-23,1996,6,23,1,,,1,3,2
239,1996-06-30,1996,6,30,0,,,2,1,3
240,1996-07-07,1996,7,7,1,,1,1,2,4
241,1996-07-14,1996,7,14,1,1,,2,1,5
242,1996-07-21,1996,7,21,2,,,3,1,6
243,1996-07-28,1996,7,28,0,,,4,2,1
244,1996-08-04,1996,8,4,2,,,1,3,2
245,1996-08-11,1996,8,11,2,,,2,4,1
246,1996-08-18,1996,8,18,1,,,3,5,1
247,1996-08-25,1996,8,25,1,,,4,1,2
248,1996-09-01,1996,9,1,0,,,5,1,3
249,1996-09-08,1996,9,8,2,,,1,2,4
250,1996-09-15,1996,9,15,0,,,2,3,1
251,1996-09-22,1996,9,22,0,,,1,4,2
252,1996-09-29,1996,9,29,1,,,1,5,3
253,1996-10-13,1996,10,13,2,,1,2,1,4
254,1996-10-27,1996,10,27,1,,,3,2,1
255,1996-11-03,1996,11,3,0,,,4,1,2
256,1996-11-10,1996,11,10,0,,,1,2,3
257,1996-11-17,1996,11,17,2,,,1,3,4
258,1996-11-24,1996,11,24,1,,,2,4,1
259,1996-12-01,1996,12,1,2,,,3,1,2
260,1996-12-08,1996,12,8,2,,,4,2,1
261,1996-12-15,1996,12,15,0,,,5,3,1
262,1996-12-22,1996,12,22,0,,,1,4,2
263,1996-12-29,1996,12,29,1,,,1,5,3
264,1997-01-05,1997,1,5,1,,1,2,1,4
265,1997-01-12,1997,1,12,0,,,3,1,5
266,1997-01-19,1997,1,19,2,,,1,2,6
267,1997-01-26,1997,1,26,1,,,2,3,1
268,1997-02-02,1997,2,2,2,,,3,1,2
269,1997-02-09,1997,2,9,0,,,4,2,1
270,1997-02-16,1997,2,16,2,,,1,3,2
271,1997-02-23,1997,2,23,1,,,2,4,1
272,1997-03-02,1997,3,2,0,,,3,1,2
273,1997-03-09,1997,3,9,1,,,1,2,3
274,1997-03-16,1997,3,16,0,,,2,1,4
275,1997-03-23,1997,3,23,2,,,1,2,5
276,1997-03-30,1997,3,30,2,,,2,3,1
277,1997-04-06,1997,4,6,1,,1,3,4,1
278,1997-04-13,1997,4,13,0,,,4,1,2
279,1997-04-20,1997,4,20,1,,,1,2,3
280,1997-04-27,1997,4,27,2,,,2,1,4
281,1997-05-04,1997,5,4,2,,,3,2,1
282,1997-05-11,1997,5,11,0,,,4,3,1
283,1997-05-18,1997,5,18,1,,,1,4,2
284,1997-05-25,1997,5,25,2,,,2,1,3
285,1997-06-01,1997,6,1,1,,,3,2,1
286,1997-06-08,1997,6,8,0,,,4,1,2
287,1997-06-15,1997,6,15,0,,,1,2,3
288,1997-06-22,1997,6,22,2,,,1,3,4
289,1997-06-29,1997,6,29,1,,,2,4,1
290,1997-07-06,1997,7,6,1,,1,3,1,2
291,1997-07-13,1997,7,13,0,,,4,1,3
292,1997-07-20,1997,7,20,2,,,1,2,4
293,1997-08-03,1997,8,3,0,,,2,3,1
294,1997-08-10,1997,8,10,1,,,1,4,2
295,1997-08-17,1997,8,17,0,,,2,1,3
296,1997-08-24,1997,8,24,2,,,1,2,4
297,1997-08-31,1997,8,31,2,,,2,3,1
298,1997-09-07,1997,9,7,1,,,3,4,1
299,1997-09-14,1997,9,14,0,,,4,1,2
300,1997-09-21,1997,9,21,1,,,1,2,3
301,1997-09-28,1997,9,28,2,,,2,1,4
302,1997-10-05,1997,10,5,1,,1,3,2,1
303,1997-10-12,1997,10,12,1,,,4,1,2
304,1997-10-19,1997,10,19,0,,,5,1,3
305,1997-10-26,1997,10,26,2,,,1,2,4
306,1997-11-02,1997,11,2,1,,,2,3,1
307,1997-11-09,1997,11,9,0,,,3,1,2
308,1997-11-16,1997,11,16,1,,,1,2,3
309,1997-11-23,1997,11,23,2,,,2,1,4
310,1997-11-30,1997,11,30,0,,,3,2,1
311,1997-12-07,1997,12,7,0,,,1,3,2
312,1997-12-14,1997,12,14,2,,,1,4,3
313,1997-12-21,1997,12,21,1,,,2,5,1
314,1997-12-28,1997,12,28,2,,,3,1,2
315,1998-01-04,1998,1,4,1,,1,4,2,1
316,1998-01-11,1998,1,11,0,,,5,1,2
317,1998-01-18,1998,1,18,2,,,1,2,3
318,1998-01-25,1998,1,25,2,,,2,3,1
319,1998-02-01,1998,2,1,0,,,3,4,1
320,1998-02-08,1998,2,8,1,,,1,5,2
321,1998-02-15,1998,2,15,1,,,2,1,3
322,1998-02-22,1998,2,22,0,,,3,1,4
323,1998-03-01,1998,3,1,2,,,1,2,5
324,1998-03-08,1998,3,8,2,,,2,3,1
325,1998-03-15,1998,3,15,1,,,3,4,1
326,1998-03-22,1998,3,22,0,,,4,1,2
327,1998-03-29,1998,3,29,2,,,1,2,3
328,1998-04-05,1998,4,5,1,,1,2,3,1
329,1998-04-12,1998,4,12,1,,,3,1,2
330,1998-04-19,1998,4,19,0,,,4,1,3
331,1998-04-26,1998,4,26,2,,,1,2,4
332,1998-05-03,1998,5,3,1,,,2,3,1
333,1998-05-10,1998,5,10,2,,,3,1,2
334,1998-05-17,1998,5,17,0,,,4,2,1
335,1998-05-24,1998,5,24,0,,,1,3,2
336,1998-05-31,1998,5,31,1,,,1,4,3
337,1998-06-07,1998,6,7,2,,,2,1,4
338,1998-06-14,1998,6,14,1,,,3,2,1
339,1998-06-21,1998,6,21,0,,,4,1,2
340,1998-06-28,1998,6,28,2,,,1,2,3
341,1998-07-05,1998,7,5,1,,1,2,3,1
342,1998-07-12,1998,7,12,2,,,3,1,2
343,1998-07-19,1998,7,19,1,1,,4,2,1
344,1998-07-26,1998,7,26,0,,,5,1,2
345,1998-08-02,1998,8,2,0,,,1,2,3
346,1998-08-09,1998,8,9,2,,,1,3,4
347,1998-08-16,1998,8,16,1,,,2,4,1
348,1998-08-23,1998,8,23,2,,,3,1,2
349,1998-08-30,1998,8,30,0,,,4,2,1
350,1998-09-06,1998,9,6,1,,,1,3,2
351,1998-09-13,1998,9,13,2,,,2,1,3
352,1998-09-20,1998,9,20,2,,,3,2,1
353,1998-09-27,1998,9,27,1,,,4,3,1
354,1998-10-04,1998,10,4,1,,1,5,1,2
355,1998-10-11,1998,10,11,0,,,6,1,3
356,1998-10-18,1998,10,18,2,,,1,2,4
357,1998-10-25,1998,10,25,1,,,2,3,1
358,1998-11-01,1998,11,1,2,1,,3,1,2
359,1998-11-08,1998,11,8,0,,,4,2,1
360,1998-11-15,1998,11,15,0,,,1,3,2
361,1998-11-22,1998,11,22,1,,,1,4,3
362,1998-11-29,1998,11,29,2,,,2,1,4
363,1998-12-06,1998,12,6,1,,,3,2,1
364,1998-12-13,1998,12,13,2,,,4,1,2
365,1998-12-20,1998,12,20,0,,,5,2,1
366,1998-12-27,1998,12,27,2,,,1,3,2
367,1999-01-10,1999,1,10,1,,1,2,4,1
368,1999-01-17,1999,1,17,1,,,3,1,2
369,1999-01-24,1999,1,24,0,,,4,1,3
370,1999-01-31,1999,1,31,2,,,1,2,4
371,1999-02-07,1999,2,7,0,,,2,3,1
372,1999-02-14,1999,2,14,1,,,1,4,2
373,1999-02-21,1999,2,21,2,,,2,1,3
374,1999-02-28,1999,2,28,1,,,3,2,1
375,1999-03-07,1999,3,7,0,,,4,1,2
376,1999-03-14,1999,3,14,0,,,1,2,3
377,1999-03-21,1999,3,21,2,,,1,3,4
378,1999-03-28,1999,3,28,1,,,2,4,1
379,1999-04-04,1999,4,4,0,,1,3,1,2
380,1999-04-11,1999,4,11,1,,,1,2,3
381,1999-04-18,1999,4,18,0,,,2,1,4
382,1999-04-25,1999,4,25,0,,,1,2,5
383,1999-05-02,1999,5,2,2,,,1,3,6
384,1999-05-09,1999,5,9,2,,,2,4,1
385,1999-05-16,1999,5,16,1,,,3,5,1
386,1999-05-23,1999,5,23,0,,,4,1,2
387,1999-05-30,1999,5,30,2,,,1,2,3
388,1999-06-06,1999,6,6,0,,,2,3,1
389,1999-06-13,1999,6,13,1,,,1,4,2
390,1999-06-20,1999,6,20,0,,,2,1,3
391,1999-06-27,1999,6,27,2,,,1,2,4
392,1999-07-04,1999,7,4,2,,1,2,3,1
393,1999-07-11,1999,7,11,2,,,3,4,1
394,1999-07-18,1999,7,18,1,1,,4,5,1
395,1999-07-25,1999,7,25,0,,,5,1,2
396,1999-08-01,1999,8,1,2,,,1,2,3
397,1999-08-08,1999,8,8,1,,,2,3,1
398,1999-08-15,1999,8,15,0,,,3,1,2
399,1999-08-22,1999,8,22,1,,,1,2,3
400,1999-08-29,1999,8,29,1,,,2,1,4
401,1999-09-05,1999,9,5,1,,,3,1,5
402,1999-09-12,1999,9,12,2,,,4,1,6
403,1999-09-19,1999,9,19,0,,,5,2,1
404,1999-09-26,1999,9,26,0,,,1,3,2
405,1999-10-03,1999,10,3,2,,1,1,4,3
406,1999-10-10,1999,10,10,0,,,2,5,1
407,1999-10-17,1999,10,17,2,,,1,6,2
408,1999-10-31,1999,10,31,1,,,2,7,1
409,1999-11-07,1999,11,7,1,,,3,1,2
410,1999-11-14,1999,11,14,2,,,4,1,3
411,1999-11-21,1999,11,21,2,,,5,2,1
412,1999-11-28,1999,11,28,0,,,6,3,1
413,1999-12-05,1999,12,5,1,,,1,4,2
414,1999-12-12,1999,12,12,0,,,2,1,3
415,1999-12-19,1999,12,19,0,,,1,2,4
416,1999-12-26,1999,12,26,1,1,,1,3,5
417,2000-01-09,2000,1,9,1,,1,2,1,6
418,2000-01-23,2000,1,23,2,,,3,1,7
419,2000-01-30,2000,1,30,0,,,4,2,1
420,2000-02-06,2000,2,6,0,,,1,3,2
421,2000-02-13,2000,2,13,1,,,1,4,3
422,2000-02-20,2000,2,20,2,,,2,1,4
423,2000-02-27,2000,2,27,2,,,3,2,1
424,2000-03-05,2000,3,5,0,,,4,3,1
425,2000-03-12,2000,3,12,1,,,1,4,2
426,2000-03-19,2000,3,19,2,,,2,1,3
427,2000-03-26,2000,3,26,0,,,3,2,1
428,2000-04-02,2000,4,2,1,,1,1,3,2
429,2000-04-09,2000,4,9,1,,,2,1,3
430,2000-04-16,2000,4,16,0,,,3,1,4
431,2000-04-23,2000,4,23,1,,,1,2,5
432,2000-04-30,2000,4,30,2,,,2,1,6
433,2000-05-07,2000,5,7,0,,,3,2,1
434,2000-05-14,2000,5,14,1,,,1,3,2
435,2000-05-21,2000,5,21,0,,,2,1,3
436,2000-05-28,2000,5,28,0,,,1,2,4
437,2000-06-04,2000,6,4,1,,,1,3,5
438,2000-06-11,2000,6,11,2,,,2,1,6
439,2000-06-18,2000,6,18,0,,,3,2,1
440,2000-06-25,2000,6,25,1,,,1,3,2
441,2000-07-02,2000,7,2,1,,1,2,1,3
442,2000-07-09,2000,7,9,1,,,3,1,4
443,2000-07-16,2000,7,16,2,,,4,1,5
444,2000-07-23,2000,7,23,2,,,5,2,1
445,2000-07-30,2000,7,30,1,,,6,3,1
446,2000-08-06,2000,8,6,1,,,7,1,2
447,2000-08-13,2000,8,13,2,,,8,1,3
448,2000-08-20,2000,8,20,0,,,9,2,1
449,2000-08-27,2000,8,27,2,,,1,3,2
450,2000-09-03,2000,9,3,0,,,2,4,1
451,2000-09-10,2000,9,10,1,,,1,5,2
452,2000-09-17,2000,9,17,1,,,2,1,3
453,2000-09-24,2000,9,24,2,,,3,1,4
454,2000-10-01,2000,10,1,2,,1,4,2,1
455,2000-10-08,2000,10,8,0,,,5,3,1
456,2000-10-15,2000,10,15,0,,,1,4,2
457,2000-10-22,2000,10,22,2,,,1,5,3
458,2000-10-29,2000,10,29,1,,,2,6,1
459,2000-11-05,2000,11,5,1,,,3,1,2
460,2000-11-12,2000,11,12,2,,,4,1,3
461,2000-11-19,2000,11,19,1,,,5,2,1
462,2000-11-26,2000,11,26,2,,,6,1,2
463,2000-12-03,2000,12,3,0,,,7,2,1
464,2000-12-10,2000,12,10,2,,,1,3,2
465,2000-12-17,2000,12,17,1,,,2,4,1
466,2000-12-24,2000,12,24,1,,,3,1,2
467,2000-12-31,2000,12,31,2,,,4,1,3
468,2001-01-07,2001,1,7,1,,1,5,2,1
469,2001-01-14,2001,1,14,2,,,6,1,2
470,2001-01-21,2001,1,21,0,,,7,2,1
471,2001-01-28,2001,1,28,0,,,1,3,2
472,2001-02-04,2001,2,4,1,,,1,4,3
473,2001-02-11,2001,2,11,1,,,2,1,4
474,2001-02-18,2001,2,18,1,,,3,1,5
475,2001-02-25,2001,2,25,0,,,4,1,6
476,2001-03-04,2001,3,4,1,,,1,2,7
477,2001-03-11,2001,3,11,2,,,2,1,8
478,2001-03-18,2001,3,18,1,,,3,2,1
479,2001-03-25,2001,3,25,0,,,4,1,2
480,2001-04-01,2001,4,1,1,,1,1,2,3
481,2001-04-08,2001,4,8,2,,,2,1,4
482,2001-04-15,2001,4,15,0,,,3,2,1
483,2001-04-22,2001,4,22,0,,,1,3,2
484,2001-04-29,2001,4,29,2,,,1,4,3
485,2001-05-06,2001,5,6,1,,,2,5,1
486,2001-05-13,2001,5,13,2,,,3,1,2
487,2001-05-20,2001,5,20,0,,,4,2,1
488,2001-05-27,2001,5,27,2,,,1,3,2
489,2001-06-03,2001,6,3,0,,,2,4,1
490,2001-06-10,2001,6,10,0,,,1,5,2
491,2001-06-17,2001,6,17,1,,,1,6,3
492,2001-06-24,2001,6,24,1,,,2,1,4
493,2001-07-01,2001,7,1,2,,1,3,1,5
494,2001-07-08,2001,7,8,0,,,4,2,1
495,2001-07-15,2001,7,15,2,,,1,3,2
496,2001-07-22,2001,7,22,1,1,,2,4,1
497,2001-07-29,2001,7,29,2,,,3,1,2
498,2001-08-05,2001,8,5,1,,,4,2,1
499,2001-08-12,2001,8,12,0,,,5,1,2
500,2001-08-19,2001,8,19,0,,,1,2,3
501,2001-08-26,2001,8,26,2,,,1,3,4
502,2001-09-02,2001,9,2,1,,,2,4,1
503,2001-09-09,2001,9,9,2,,,3,1,2
504,2001-09-16,2001,9,16,2,,,4,2,1
505,2001-09-23,2001,9,23,1,,,5,3,1
506,2001-10-07,2001,10,7,1,,1,6,1,2
507,2001-10-14,2001,10,14,0,,,7,1,3
508,2001-10-21,2001,10,21,1,,,1,2,4
509,2001-10-28,2001,10,28,2,,,2,1,5
510,2001-11-04,2001,11,4,1,,,3,2,1
511,2001-11-11,2001,11,11,0,,,4,1,2
512,2001-11-18,2001,11,18,0,,,1,2,3
513,2001-11-25,2001,11,25,2,,,1,3,4
514,2001-12-02,2001,12,2,1,,,2,4,1
515,2001-12-09,2001,12,9,2,,,3,1,2
516,2001-12-16,2001,12,16,1,,,4,2,1
517,2001-12-23,2001,12,23,0,,,5,1,2
518,2001-12-30,2001,12,30,2,,,1,2,3
519,2002-01-06,2002,1,6,1,1,1,2,3,1
520,2002-01-13,2002,1,13,1,1,,3,1,2
521,2002-01-27,2002,1,27,2,,,4,1,3
522,2002-02-03,2002,2,3,0,,,5,2,1
523,2002-02-10,2002,2,10,1,,,1,3,2
524,2002-02-17,2002,2,17,2,,,2,1,3
525,2002-02-24,2002,2,24,0,,,3,2,1
526,2002-03-03,2002,3,3,0,,,1,3,2
527,2002-03-10,2002,3,10,1,,,1,4,3
528,2002-03-17,2002,3,17,0,,,2,1,4
529,2002-03-24,2002,3,24,2,,,1,2,5
530,2002-03-31,2002,3,31,0,,,2,3,1
531,2002-04-07,2002,4,7,1,,1,1,4,2
532,2002-04-14,2002,4,14,1,,,2,1,3
533,2002-04-21,2002,4,21,0,,,3,1,4
534,2002-04-28,2002,4,28,2,,,1,2,5
535,2002-05-05,2002,5,5,1,,,2,3,1
536,2002-05-12,2002,5,12,2,,,3,1,2
537,2002-05-19,2002,5,19,0,,,4,2,1
538,2002-05-26,2002,5,26,1,,,1,3,2
539,2002-06-02,2002,6,2,1,,,2,1,3
540,2002-06-09,2002,6,9,2,,,3,1,4
541,2002-06-16,2002,6,16,0,,,4,2,1
542,2002-06-23,2002,6,23,1,,,1,3,2
543,2002-06-30,2002,6,30,2,,,2,1,3
544,2002-07-07,2002,7,7,1,1,1,3,2,1
545,2002-07-14,2002,7,14,1,,,4,1,2
546,2002-07-21,2002,7,21,0,,,5,1,3
547,2002-07-28,2002,7,28,2,,,1,2,4
548,2002-08-04,2002,8,4,1,,,2,3,1
549,2002-08-11,2002,8,11,0,,,3,1,2
550,2002-08-18,2002,8,18,0,,,1,2,3
551,2002-08-25,2002,8,25,2,,,1,3,4
552,2002-09-01,2002,9,1,0,,,2,4,1
553,2002-09-08,2002,9,8,1,,,1,5,2
554,2002-09-15,2002,9,15,0,,,2,1,3
555,2002-09-22,2002,9,22,0,,,1,2,4
556,2002-10-06,2002,10,6,1,,1,1,3,5
557,2002-10-13,2002,10,13,1,,,2,1,6
558,2002-10-20,2002,10,20,2,,,3,1,7
559,2002-10-27,2002,10,27,0,,,4,2,1
560,2002-11-03,2002,11,3,0,,,1,3,2
561,2002-11-10,2002,11,10,1,,,1,4,3
562,2002-11-17,2002,11,17,2,,,2,1,4
563,2002-11-24,2002,11,24,0,,,3,2,1
564,2002-12-01,2002,12,1,1,,,1,3,2
565,2002-12-08,2002,12,8,2,,,2,1,3
566,2002-12-15,2002,12,15,2,,,3,2,1
567,2002-12-22,2002,12,22,0,,,4,3,1
568,2002-12-29,2002,12,29,1,,,1,4,2
569,2003-01-05,2003,1,5,1,1,1,2,1,3
570,2003-01-19,2003,1,19,2,,,3,1,4
571,2003-01-26,2003,1,26,0,,,4,2,1
572,2003-02-02,2003,2,2,2,,,1,3,2
573,2003-02-09,2003,2,9,1,,,2,4,1
574,2003-02-16,2003,2,16,2,,,3,1,2
575,2003-02-23,2003,2,23,1,1,,4,2,1
576,2003-03-02,2003,3,2,0,,,5,1,2
577,2003-03-09,2003,3,9,2,,,1,2,3
578,2003-03-16,2003,3,16,1,,,2,3,1
579,2003-03-23,2003,3,23,1,,,3,1,2
580,2003-03-30,2003,3,30,0,,,4,1,3
581,2003-04-06,2003,4,6,1,,1,1,2,4
582,2003-04-13,2003,4,13,1,,,2,1,5
583,2003-04-20,2003,4,20,2,,,3,1,6
584,2003-04-27,2003,4,27,2,,,4,2,1
585,2003-05-04,2003,5,4,0,,,5,3,1
586,2003-05-11,2003,5,11,0,,,1,4,2
587,2003-05-18,2003,5,18,0,,,1,5,3
588,2003-05-25,2003,5,25,1,,,1,6,4
589,2003-06-01,2003,6,1,2,,,2,1,5
590,2003-06-08,2003,6,8,1,,,3,2,1
591,2003-06-15,2003,6,15,2,,,4,1,2
592,2003-06-22,2003,6,22,2,,,5,2,1
593,2003-06-29,2003,6,29,0,1,,6,3,1
594,2003-07-06,2003,7,6,1,,1,1,4,2
595,2003-07-13,2003,7,13,0,,,2,1,3
596,2003-07-20,2003,7,20,2,,,1,2,4
597,2003-07-27,2003,7,27,2,,,2,3,1
598,2003-08-03,2003,8,3,1,,,3,4,1
599,2003-08-10,2003,8,10,2,,,4,1,2
600,2003-08-17,2003,8,17,2,,,5,2,1
601,2003-08-24,2003,8,24,2,,,6,3,1
602,2003-08-31,2003,8,31,1,,,7,4,1
603,2003-09-07,2003,9,7,0,,,8,1,2
604,2003-09-14,2003,9,14,0,,,1,2,3
605,2003-09-21,2003,9,21,0,,,1,3,4
606,2003-09-28,2003,9,28,2,,,1,4,5
607,2003-10-05,2003,10,5,1,1,1,2,5,1
608,2003-10-12,2003,10,12,0,,,3,1,2
609,2003-10-19,2003,10,19,2,,,1,2,3
610,2003-10-26,2003,10,26,2,,,2,3,1
611,2003-11-02,2003,11,2,1,,,3,4,1
612,2003-11-09,2003,11,9,1,1,,4,1,2
613,2003-11-23,2003,11,23,0,,,5,1,3
614,2003-11-30,2003,11,30,1,,,1,2,4
615,2003-12-07,2003,12,7,2,,,2,1,5
616,2003-12-14,2003,12,14,2,,,3,2,1
617,2003-12-21,2003,12,21,0,,,4,3,1
618,2003-12-28,2003,12,28,2,,,1,4,2
619,2004-01-04,2004,1,4,1,,1,2,5,1
620,2004-01-11,2004,1,11,1,,,3,1,2
621,2004-01-18,2004,1,18,2,,,4,1,3
622,2004-01-25,2004,1,25,2,,,5,2,1
623,2004-02-01,2004,2,1,1,,,6,3,1
624,2004-02-08,2004,2,8,0,,,7,1,2
625,2004-02-15,2004,2,15,1,,,1,2,3
626,2004-02-22,2004,2,22,0,,,2,1,4
627,2004-02-29,2004,2,29,0,,,1,2,5
628,2004-03-07,2004,3,7,2,,,1,3,6
629,2004-03-14,2004,3,14,2,,,2,4,1
630,2004-03-21,2004,3,21,1,,,3,5,1
631,2004-03-28,2004,3,28,2,,,4,1,2
632,2004-04-04,2004,4,4,1,,1,5,2,1
633,2004-04-11,2004,4,11,1,,,6,1,2
634,2004-04-18,2004,4,18,0,,,7,1,3
635,2004-04-25,2004,4,25,2,,,1,2,4
636,2004-05-02,2004,5,2,0,,,2,3,1
637,2004-05-09,2004,5,9,1,,,1,4,2
638,2004-05-16,2004,5,16,2,,,2,1,3
639,2004-05-23,2004,5,23,0,,,3,2,1
640,2004-05-30,2004,5,30,0,,,1,3,2
641,2004-06-06,2004,6,6,1,,,1,4,3
642,2004-06-13,2004,6,13,2,,,2,1,4
643,2004-06-20,2004,6,20,0,,,3,2,1
644,2004-06-27,2004,6,27,2,,,1,3,2
645,2004-07-04,2004,7,4,1,,1,2,4,1
646,2004-07-11,2004,7,11,2,,,3,1,2
647,2004-07-18,2004,7,18,2,,,4,2,1
648,2004-07-25,2004,7,25,1,1,,5,3,1
649,2004-08-01,2004,8,1,0,,,6,1,2
650,2004-08-08,2004,8,8,2,,,1,2,3
651,2004-08-22,2004,8,22,0,,,2,3,1
652,2004-08-29,2004,8,29,0,,,1,4,2
653,2004-09-05,2004,9,5,1,,,1,5,3
654,2004-09-12,2004,9,12,2,,,2,1,4
655,2004-09-19,2004,9,19,0,,,3,2,1
656,2004-09-26,2004,9,26,0,,,1,3,2
657,2004-10-03,2004,10,3,1,,1,1,4,3
658,2004-10-10,2004,10,10,1,,,2,1,4
659,2004-10-31,2004,10,31,2,,,3,1,5
660,2004-11-07,2004,11,7,0,,,4,2,1
661,2004-11-14,2004,11,14,0,,,1,3,2
662,2004-11-21,2004,11,21,0,,,1,4,3
663,2004-11-28,2004,11,28,0,,,1,5,4
664,2004-12-05,2004,12,5,1,,,1,6,5
665,2004-12-12,2004,12,12,2,,,2,1,6
666,2004-12-19,2004,12,19,1,,,3,2,1
667,2004-12-26,2004,12,26,0,,,4,1,2
668,2005-01-16,2005,1,16,1,,1,1,2,3
669,2005-01-23,2005,1,23,2,,,2,1,4
670,2005-01-30,2005,1,30,2,,,3,2,1
671,2005-02-06,2005,2,6,1,,,4,3,1
672,2005-02-13,2005,2,13,2,,,5,1,2
673,2005-02-20,2005,2,20,0,,,6,2,1
674,2005-02-27,2005,2,27,0,,,1,3,2
675,2005-03-06,2005,3,6,2,,,1,4,3
676,2005-03-13,2005,3,13,1,,,2,5,1
677,2005-03-20,2005,3,20,2,,,3,1,2
678,2005-03-27,2005,3,27,1,,,4,2,1
679,2005-04-03,2005,4,3,1,,1,5,1,2
680,2005-04-10,2005,4,10,0,,,6,1,3
681,2005-04-17,2005,4,17,2,,,1,2,4
682,2005-04-24,2005,4,24,0,,,2,3,1
683,2005-05-01,2005,5,1,1,,,1,4,2
684,2005-05-08,2005,5,8,1,,,2,1,3
685,2005-05-15,2005,5,15,0,,,3,1,4
686,2005-05-22,2005,5,22,2,,,1,2,5
687,2005-05-29,2005,5,29,2,,,2,3,1
688,2005-06-05,2005,6,5,2,,,3,4,1
689,2005-06-12,2005,6,12,0,,,4,5,1
690,2005-06-19,2005,6,19,1,,,1,6,2
691,2005-06-26,2005,6,26,0,,,2,1,3
692,2005-07-03,2005,7,3,1,,1,1,2,4
693,2005-07-10,2005,7,10,0,,,2,1,5
694,2005-07-17,2005,7,17,2,,,1,2,6
695,2005-07-24,2005,7,24,1,1,,2,3,1
696,2005-07-31,2005,7,31,1,,,3,1,2
697,2005-08-07,2005,8,7,2,,,4,1,3
698,2005-08-14,2005,8,14,1,,,5,2,1
699,2005-08-21,2005,8,21,1,,,6,1,2
700,2005-08-28,2005,8,28,0,,,7,1,3
701,2005-09-04,2005,9,4,0,,,1,2,4
702,2005-09-11,2005,9,11,1,,,1,3,5
703,2005-09-18,2005,9,18,2,,,2,1,6
704,2005-10-02,2005,10,2,1,,1,3,2,1
705,2005-10-09,2005,10,9,0,,,4,1,2
706,2005-10-16,2005,10,16,2,,,1,2,3
707,2005-10-23,2005,10,23,1,1,,2,3,1
708,2005-10-30,2005,10,30,0,,,3,1,2
709,2005-11-06,2005,11,6,2,,,1,2,3
710,2005-11-13,2005,11,13,1,,,2,3,1
711,2005-11-20,2005,11,20,2,,,3,1,2
712,2005-11-27,2005,11,27,2,,,4,2,1
713,2005-12-04,2005,12,4,0,,,5,3,1
714,2005-12-11,2005,12,11,0,,,1,4,2
715,2005-12-18,2005,12,18,1,1,,1,5,3
716,2005-12-25,2005,12,25,2,,,2,1,4
717,2006-01-08,2006,1,8,1,,1,3,2,1
718,2006-01-15,2006,1,15,1,,,4,1,2
719,2006-01-22,2006,1,22,0,,,5,1,3
720,2006-01-29,2006,1,29,2,,,1,2,4
721,2006-02-05,2006,2,5,1,,,2,3,1
722,2006-02-19,2006,2,19,2,,,3,1,2
723,2006-02-26,2006,2,26,0,,,4,2,1
724,2006-03-05,2006,3,5,0,,,1,3,2
725,2006-03-12,2006,3,12,0,,,1,4,3
726,2006-03-19,2006,3,19,1,,,1,5,4
727,2006-03-26,2006,3,26,2,,,2,1,5
728,2006-04-02,2006,4,2,1,1,1,3,2,1
729,2006-04-09,2006,4,9,2,,,4,1,2
730,2006-04-16,2006,4,16,0,,,5,2,1
731,2006-04-23,2006,4,23,2,,,1,3,2
732,2006-04-30,2006,4,30,1,,,2,4,1
733,2006-05-07,2006,5,7,2,,,3,1,2
734,2006-05-14,2006,5,14,2,,,4,2,1
735,2006-05-21,2006,5,21,1,,,5,3,1
736,2006-05-28,2006,5,28,0,,,6,1,2
737,2006-06-04,2006,6,4,1,,,1,2,3
738,2006-06-11,2006,6,11,2,,,2,1,4
739,2006-06-18,2006,6,18,2,,,3,2,1
740,2006-06-25,2006,6,25,0,,,4,3,1
741,2006-07-02,2006,7,2,1,,1,1,4,2
742,2006-07-09,2006,7,9,0,,,2,1,3
743,2006-07-16,2006,7,16,1,1,,1,2,4
744,2006-07-23,2006,7,23,2,,,2,1,5
745,2006-07-30,2006,7,30,1,,,3,2,1
746,2006-08-06,2006,8,6,1,,,4,1,2
747,2006-08-13,2006,8,13,2,,,5,1,3
748,2006-08-20,2006,8,20,0,,,6,2,1
749,2006-08-27,2006,8,27,2,,,1,3,2
750,2006-09-03,2006,9,3,1,,,2,4,1
751,2006-09-10,2006,9,10,2,,,3,1,2
752,2006-09-17,2006,9,17,1,,,4,2,1
753,2006-09-24,2006,9,24,1,1,,5,1,2
754,2006-10-01,2006,10,1,0,,1,6,1,3
755,2006-10-08,2006,10,8,2,,,1,2,4
756,2006-10-15,2006,10,15,2,,,2,3,1
757,2006-10-29,2006,10,29,0,,,3,4,1
758,2006-11-05,2006,11,5,1,,,1,5,2
759,2006-11-12,2006,11,12,0,,,2,1,3
760,2006-11-19,2006,11,19,2,,,1,2,4
761,2006-11-26,2006,11,26,0,,,2,3,1
762,2006-12-03,2006,12,3,1,,,1,4,2
763,2006-12-10,2006,12,10,0,,,2,1,3
764,2006-12-17,2006,12,17,0,,,1,2,4
765,2006-12-24,2006,12,24,2,,,1,3,5
766,2006-12-31,2006,12,31,1,,,2,4,1
767,2007-01-07,2007,1,7,1,,1,3,1,2
768,2007-01-14,2007,1,14,2,,,4,1,3
769,2007-01-21,2007,1,21,0,,,5,2,1
770,2007-01-28,2007,1,28,0,,,1,3,2
771,2007-02-04,2007,2,4,1,,,1,4,3
772,2007-02-11,2007,2,11,0,,,2,1,4
773,2007-02-18,2007,2,18,1,,,1,2,5
774,2007-02-25,2007,2,25,2,,,2,1,6
775,2007-03-04,2007,3,4,1,,,3,2,1
776,2007-03-11,2007,3,11,1,,,4,1,2
777,2007-03-18,2007,3,18,0,1,,5,1,3
778,2007-03-25,2007,3,25,0,,,1,2,4
779,2007-04-01,2007,4,1,1,,1,1,3,5
780,2007-04-08,2007,4,8,0,,,2,1,6
781,2007-04-15,2007,4,15,2,,,1,2,7
782,2007-04-22,2007,4,22,2,,,2,3,1
783,2007-04-29,2007,4,29,1,,,3,4,1
784,2007-05-06,2007,5,6,0,,,4,1,2
785,2007-05-13,2007,5,13,0,,,1,2,3
786,2007-05-20,2007,5,20,2,,,1,3,4
787,2007-05-27,2007,5,27,2,,,2,4,1
788,2007-06-03,2007,6,3,0,,,3,5,1
789,2007-06-10,2007,6,10,1,,,1,6,2
790,2007-06-17,2007,6,17,1,,,2,1,3
791,2007-06-24,2007,6,24,0,,,3,1,4
792,2007-07-01,2007,7,1,2,,1,1,2,5
793,2007-07-08,2007,7,8,0,,,2,3,1
794,2007-07-15,2007,7,15,0,,,1,4,2
795,2007-07-22,2007,7,22,1,,,1,5,3
796,2007-07-29,2007,7,29,1,1,,2,1,4
797,2007-08-05,2007,8,5,2,,,3,1,5
798,2007-08-12,2007,8,12,2,,,4,2,1
799,2007-08-19,2007,8,19,1,,,5,3,1
800,2007-08-26,2007,8,26,0,,,6,1,2
801,2007-09-02,2007,9,2,2,,,1,2,3
802,2007-09-09,2007,9,9,0,,,2,3,1
803,2007-09-16,2007,9,16,1,,,1,4,2
804,2007-09-23,2007,9,23,2,,,2,1,3
805,2007-09-30,2007,9,30,1,,,3,2,1
806,2007-10-07,2007,10,7,0,,1,4,1,2
807,2007-10-14,2007,10,14,0,,,1,2,3
808,2007-10-21,2007,10,21,1,,,1,3,4
809,2007-10-28,2007,10,28,2,,,2,1,5
810,2007-11-04,2007,11,4,1,,,3,2,1
811,2007-11-11,2007,11,11,2,,,4,1,2
812,2007-11-18,2007,11,18,0,,,5,2,1
813,2007-11-25,2007,11,25,2,,,1,3,2
814,2007-12-02,2007,12,2,1,,,2,4,1
815,2007-12-09,2007,12,9,1,,,3,1,2
816,2007-12-16,2007,12,16,0,,,4,1,3
817,2007-12-23,2007,12,23,0,,,1,2,4
818,2008-01-06,2008,1,6,1,,1,1,3,5
819,2008-01-13,2008,1,13,2,,,2,1,6
820,2008-01-20,2008,1,20,1,,,3,2,1
821,2008-01-27,2008,1,27,0,,,4,1,2
822,2008-02-03,2008,2,3,2,,,1,2,3
823,2008-02-10,2008,2,10,1,,,2,3,1
824,2008-02-17,2008,2,17,2,,,3,1,2
825,2008-02-24,2008,2,24,1,,,4,2,1
826,2008-03-02,2008,3,2,0,,,5,1,2
827,2008-03-09,2008,3,9,2,,,1,2,3
828,2008-03-16,2008,3,16,1,,,2,3,1
829,2008-03-23,2008,3,23,2,,,3,1,2
830,2008-03-30,2008,3,30,0,,,4,2,1
831,2008-04-06,2008,4,6,0,,1,1,3,2
832,2008-04-13,2008,4,13,2,,,1,4,3
833,2008-04-20,2008,4,20,1,,,2,5,1
834,2008-04-27,2008,4,27,1,,,3,1,2
835,2008-05-04,2008,5,4,0,,,4,1,3
836,2008-05-11,2008,5,11,2,,,1,2,4
837,2008-05-18,2008,5,18,1,,,2,3,1
838,2008-05-25,2008,5,25,2,,,3,1,2
839,2008-06-01,2008,6,1,1,,,4,2,1
840,2008-06-08,2008,6,8,0,,,5,1,2
841,2008-06-15,2008,6,15,1,,,1,2,3
842,2008-06-22,2008,6,22,0,,,2,1,4
843,2008-06-29,2008,6,29,2,,,1,2,5
844,2008-07-06,2008,7,6,1,,1,2,3,1
845,2008-07-13,2008,7,13,0,,,3,1,2
846,2008-07-20,2008,7,20,1,,,1,2,3
847,2008-07-27,2008,7,27,2,1,,2,1,4
848,2008-08-03,2008,8,3,1,,,3,2,1
849,2008-08-17,2008,8,17,0,,,4,1,2
850,2008-08-24,2008,8,24,2,,,1,2,3
851,2008-08-31,2008,8,31,1,,,2,3,1
852,2008-09-07,2008,9,7,0,,,3,1,2
853,2008-09-14,2008,9,14,1,,,1,2,3
854,2008-09-21,2008,9,21,2,,,2,1,4
855,2008-09-28,2008,9,28,0,,,3,2,1
856,2008-10-05,2008,10,5,1,,1,1,3,2
857,2008-10-12,2008,10,12,0,,,2,1,3
858,2008-10-19,2008,10,19,2,,,1,2,4
859,2008-10-26,2008,10,26,2,,,2,3,1
860,2008-11-02,2008,11,2,1,,,3,4,1
861,2008-11-09,2008,11,9,1,,,4,1,2
862,2008-11-16,2008,11,16,1,1,,5,1,3
863,2008-11-23,2008,11,23,2,,,6,1,4
864,2008-11-30,2008,11,30,1,,,7,2,1
865,2008-12-07,2008,12,7,0,,,8,1,2
866,2008-12-14,2008,12,14,1,,,1,2,3
867,2008-12-21,2008,12,21,2,,,2,1,4
868,2008-12-28,2008,12,28,0,,,3,2,1
869,2009-01-04,2009,1,4,1,,1,1,3,2
870,2009-01-11,2009,1,11,1,,,2,1,3
871,2009-01-18,2009,1,18,2,,,3,1,4
872,2009-01-25,2009,1,25,2,,,4,2,1
873,2009-02-01,2009,2,1,0,,,5,3,1
874,2009-02-08,2009,2,8,1,,,1,4,2
875,2009-02-15,2009,2,15,0,,,2,1,3
876,2009-02-22,2009,2,22,1,,,1,2,4
877,2009-03-01,2009,3,1,2,,,2,1,5
878,2009-03-08,2009,3,8,2,,,3,2,1
879,2009-03-15,2009,3,15,0,,,4,3,1
880,2009-03-29,2009,3,29,0,,,1,4,2
881,2009-04-05,2009,4,5,1,,1,1,5,3
882,2009-04-12,2009,4,12,2,,,2,1,4
883,2009-04-19,2009,4,19,0,,,3,2,1
884,2009-04-26,2009,4,26,2,,,1,3,2
885,2009-05-03,2009,5,3,2,,,2,4,1
886,2009-05-10,2009,5,10,1,,,3,5,1
887,2009-05-17,2009,5,17,0,,,4,1,2
888,2009-05-24,2009,5,24,1,,,1,2,3
889,2009-05-31,2009,5,31,2,,,2,1,4
890,2009-06-07,2009,6,7,0,,,3,2,1
891,2009-06-14,2009,6,14,0,,,1,3,2
892,2009-06-21,2009,6,21,1,,,1,4,3
893,2009-06-28,2009,6,28,2,,,2,1,4
894,2009-07-05,2009,7,5,1,,1,3,2,1
895,2009-07-12,2009,7,12,2,,,4,1,2
896,2009-07-19,2009,7,19,0,,,5,2,1
897,2009-07-26,2009,7,26,1,1,,1,3,2
898,2009-08-02,2009,8,2,2,,,2,1,3
899,2009-08-09,2009,8,9,0,,,3,2,1
900,2009-08-16,2009,8,16,2,,,1,3,2
901,2009-08-23,2009,8,23,2,,,2,4,1
902,2009-08-30,2009,8,30,1,,,3,5,1
903,2009-09-06,2009,9,6,0,,,4,1,2
904,2009-09-13,2009,9,13,1,,,1,2,3
905,2009-09-20,2009,9,20,2,,,2,1,4
906,2009-09-27,2009,9,27,0,,,3,2,1
907,2009-10-04,2009,10,4,1,,1,1,3,2
908,2009-10-11,2009,10,11,1,,,2,1,3
909,2009-10-18,2009,10,18,2,,,3,1,4
910,2009-10-25,2009,10,25,0,,,4,2,1
911,2009-11-08,2009,11,8,1,,,1,3,2
912,2009-11-15,2009,11,15,1,1,,2,1,3
913,2009-11-22,2009,11,22,2,,,3,1,4
914,2009-11-29,2009,11,29,2,,,4,2,1
915,2009-12-06,2009,12,6,0,,,5,3,1
916,2009-12-13,2009,12,13,0,,,1,4,2
917,2009-12-20,2009,12,20,1,,,1,5,3
918,2009-12-27,2009,12,27,2,,,2,1,4
919,2010-01-10,2010,1,10,1,1,1,3,2,1
920,2010-01-17,2010,1,17,0,,,4,1,2
921,2010-01-24,2010,1,24,2,,,1,2,3
922,2010-02-07,2010,2,7,1,,,2,3,1
923,2010-02-14,2010,2,14,0,,,3,1,2
924,2010-02-21,2010,2,21,2,,,1,2,3
925,2010-02-28,2010,2,28,2,,,2,3,1
926,2010-03-07,2010,3,7,0,,,3,4,1
927,2010-03-14,2010,3,14,1,,,1,5,2
928,2010-03-21,2010,3,21,1,,,2,1,3
929,2010-03-28,2010,3,28,2,1,,3,1,4
930,2010-04-04,2010,4,4,0,,1,4,2,1
931,2010-04-11,2010,4,11,0,,,1,3,2
932,2010-04-18,2010,4,18,1,,,1,4,3
933,2010-04-25,2010,4,25,2,,,2,1,4
934,2010-05-02,2010,5,2,1,,,3,2,1
935,2010-05-09,2010,5,9,2,,,4,1,2
936,2010-05-16,2010,5,16,0,,,5,2,1
937,2010-05-23,2010,5,23,2,,,1,3,2
938,2010-05-30,2010,5,30,0,,,2,4,1
939,2010-06-06,2010,6,6,1,,,1,5,2
940,2010-06-13,2010,6,13,0,,,2,1,3
941,2010-06-20,2010,6,20,1,,,1,2,4
942,2010-06-27,2010,6,27,2,,,2,1,5
943,2010-07-04,2010,7,4,1,,1,3,2,1
944,2010-07-11,2010,7,11,0,,,4,1,2
945,2010-07-18,2010,7,18,2,,,1,2,3
946,2010-07-25,2010,7,25,1,1,,2,3,1
947,2010-08-01,2010,8,1,2,,,3,1,2
948,2010-08-08,2010,8,8,1,1,,4,2,1
949,2010-08-15,2010,8,15,0,,,5,1,2
950,2010-08-22,2010,8,22,2,,,1,2,3
951,2010-08-29,2010,8,29,1,1,,2,3,1
952,2010-09-12,2010,9,12,0,,,3,1,2
953,2010-09-19,2010,9,19,0,,,1,2,3
954,2010-09-26,2010,9,26,2,,,1,3,4
955,2010-10-03,2010,10,3,1,,1,2,4,1
956,2010-10-10,2010,10,10,2,,,3,1,2
957,2010-10-17,2010,10,17,2,,,4,2,1
958,2010-10-24,2010,10,24,0,,,5,3,1
959,2010-10-31,2010,10,31,1,,,1,4,2
960,2010-11-14,2010,11,14,1,,,2,1,3
961,2010-11-21,2010,11,21,2,,,3,1,4
962,2010-11-28,2010,11,28,0,,,4,2,1
963,2010-12-05,2010,12,5,0,,,1,3,2
964,2010-12-12,2010,12,12,1,,,1,4,3
965,2010-12-19,2010,12,19,2,,,2,1,4
966,2010-12-26,2010,12,26,2,,,3,2,1
967,2011-01-02,2011,1,2,1,1,1,4,3,1
968,2011-01-09,2011,1,9,0,,,5,1,2
969,2011-01-16,2011,1,16,2,,,1,2,3
970,2011-01-23,2011,1,23,2,,,2,3,1
971,2011-01-30,2011,1,30,0,,,3,4,1
972,2011-02-06,2011,2,6,1,,,1,5,2
973,2011-02-13,2011,2,13,0,,,2,1,3
974,2011-02-20,2011,2,20,2,,,1,2,4
975,2011-02-27,2011,2,27,1,,,2,3,1
976,2011-03-06,2011,3,6,0,,,3,1,2
977,2011-03-20,2011,3,20,2,,,1,2,3
978,2011-03-27,2011,3,27,0,,,2,3,1
979,2011-04-03,2011,4,3,1,,1,1,4,2
980,2011-04-10,2011,4,10,1,,,2,1,3
981,2011-04-17,2011,4,17,2,,,3,1,4
982,2011-04-24,2011,4,24,0,,,4,2,1
983,2011-05-01,2011,5,1,1,,,1,3,2
984,2011-05-08,2011,5,8,2,,,2,1,3
985,2011-05-15,2011,5,15,2,,,3,2,1
986,2011-05-22,2011,5,22,0,,,4,3,1
987,2011-05-29,2011,5,29,0,,,1,4,2
988,2011-06-05,2011,6,5,1,,,1,5,3
989,2011-06-12,2011,6,12,2,,,2,1,4
990,2011-06-19,2011,6,19,2,,,3,2,1
991,2011-06-26,2011,6,26,0,,,4,3,1
992,2011-07-03,2011,7,3,1,,1,1,4,2
993,2011-07-10,2011,7,10,0,,,2,1,3
994,2011-07-17,2011,7,17,2,,,1,2,4
995,2011-07-24,2011,7,24,1,1,,2,3,1
996,2011-07-31,2011,7,31,0,,,3,1,2
997,2011-08-07,2011,8,7,1,,,1,2,3
998,2011-08-14,2011,8,14,0,,,2,1,4
999,2011-08-21,2011,8,21,2,,,1,2,5
1000,2011-08-28,2011,8,28,2,,,2,3,1
1001,2011-09-04,2011,9,4,1,,,3,4,1
1002,2011-09-11,2011,9,11,0,,,4,1,2
1003,2011-09-18,2011,9,18,2,,,1,2,3
1004,2011-09-25,2011,9,25,0,,,2,3,1
1005,2011-10-02,2011,10,2,1,,1,1,4,2
1006,2011-10-09,2011,10,9,0,,,2,1,3
1007,2011-10-16,2011,10,16,1,,,1,2,4
1008,2011-10-23,2011,10,23,2,,,2,1,5
1009,2011-10-30,2011,10,30,0,,,3,2,1
1010,2011-11-06,2011,11,6,0,,,1,3,2
1011,2011-11-13,2011,11,13,1,,,1,4,3
1012,2011-11-20,2011,11,20,2,,,2,1,4
1013,2011-11-27,2011,11,27,2,,,3,2,1
1014,2011-12-04,2011,12,4,1,,,4,3,1
1015,2011-12-11,2011,12,11,0,,,5,1,2
1016,2011-12-18,2011,12,18,2,,,1,2,3
1017,2011-12-25,2011,12,25,2,,,2,3,1
1018,2012-01-08,2012,1,8,1,1,1,3,4,1
1019,2012-01-15,2012,1,15,0,,,4,1,2
1020,2012-01-22,2012,1,22,0,,,1,2,3
1021,2012-01-29,2012,1,29,1,,,1,3,4
1022,2012-02-05,2012,2,5,2,,,2,1,5
1023,2012-02-19,2012,2,19,2,,,3,2,1
1024,2012-02-26,2012,2,26,0,,,4,3,1
1025,2012-03-04,2012,3,4,1,,,1,4,2
1026,2012-03-11,2012,3,11,0,,,2,1,3
1027,2012-03-18,2012,3,18,2,,,1,2,4
1028,2012-03-25,2012,3,25,2,,,2,3,1
1029,2012-04-01,2012,4,1,1,,1,3,4,1
1030,2012-04-08,2012,4,8,0,,,4,1,2
1031,2012-04-15,2012,4,15,2,,,1,2,3
1032,2012-04-22,2012,4,22,2,,,2,3,1
1033,2012-04-29,2012,4,29,1,,,3,4,1
1034,2012-05-06,2012,5,6,0,,,4,1,2
1035,2012-05-13,2012,5,13,1,,,1,2,3
1036,2012-05-20,2012,5,20,2,,,2,1,4
1037,2012-05-27,2012,5,27,0,,,3,2,1
1038,2012-06-03,2012,6,3,2,,,1,3,2
1039,2012-06-10,2012,6,10,1,,,2,4,1
1040,2012-06-17,2012,6,17,0,,,3,1,2
1041,2012-06-24,2012,6,24,2,,,1,2,3
1042,2012-07-01,2012,7,1,1,,1,2,3,1
1043,2012-07-08,2012,7,8,2,,,3,1,2
1044,2012-07-15,2012,7,15,1,,,4,2,1
1045,2012-07-22,2012,7,22,1,1,,5,1,2
1046,2012-07-29,2012,7,29,0,,,6,1,3
1047,2012-08-12,2012,8,12,0,,,1,2,4
1048,2012-08-19,2012,8,19,2,,,1,3,5
1049,2012-08-26,2012,8,26,2,,,2,4,1
1050,2012-09-02,2012,9,2,1,,,3,5,1
1051,2012-09-09,2012,9,9,0,,,4,1,2
1052,2012-09-16,2012,9,16,2,,,1,2,3
1053,2012-09-23,2012,9,23,2,,,2,3,1
1054,2012-09-30,2012,9,30,0,,,3,4,1
1055,2012-10-07,2012,10,7,1,,1,1,5,2
1056,2012-10-14,2012,10,14,1,,,2,1,3
1057,2012-10-21,2012,10,21,2,,,3,1,4
1058,2012-10-28,2012,10,28,0,,,4,2,1
1059,2012-11-04,2012,11,4,0,,,1,3,2
1060,2012-11-11,2012,11,11,2,,,1,4,3
1061,2012-11-18,2012,11,18,1,,,2,5,1
1062,2012-11-25,2012,11,25,2,,,3,1,2
1063,2012-12-02,2012,12,2,1,,,4,2,1
1064,2012-12-09,2012,12,9,0,,,5,1,2
1065,2012-12-23,2012,12,23,1,,,1,2,3
1066,2012-12-30,2012,12,30,2,,,2,1,4
1067,2013-01-06,2013,1,6,1,,1,3,2,1
1068,2013-01-13,2013,1,13,0,,,4,1,2
1069,2013-01-20,2013,1,20,0,,,1,2,3
1070,2013-01-27,2013,1,27,2,,,1,3,4
1071,2013-02-03,2013,2,3,1,,,2,4,1
1072,2013-02-10,2013,2,10,0,,,3,1,2
1073,2013-02-17,2013,2,17,2,,,1,2,3
1074,2013-02-24,2013,2,24,2,,,2,3,1
1075,2013-03-03,2013,3,3,1,,,3,4,1
1076,2013-03-10,2013,3,10,0,,,4,1,2
1077,2013-03-17,2013,3,17,1,,,1,2,3
1078,2013-03-24,2013,3,24,0,,,2,1,4
1079,2013-03-31,2013,3,31,2,,,1,2,5
1080,2013-04-07,2013,4,7,1,1,1,2,3,1
1081,2013-04-14,2013,4,14,2,,,3,1,2
1082,2013-04-21,2013,4,21,1,,,4,2,1
1083,2013-04-28,2013,4,28,2,,,5,1,2
1084,2013-05-05,2013,5,5,2,,,6,2,1
1085,2013-05-12,2013,5,12,1,,,7,3,1
1086,2013-05-19,2013,5,19,0,,,8,1,2
1087,2013-05-26,2013,5,26,0,,,1,2,3
1088,2013-06-02,2013,6,2,1,,,1,3,4
1089,2013-06-09,2013,6,9,2,,,2,1,5
1090,2013-06-16,2013,6,16,0,,,3,2,1
1091,2013-06-23,2013,6,23,1,,,1,3,2
1092,2013-06-30,2013,6,30,2,,,2,1,3
1093,2013-07-07,2013,7,7,1,,1,3,2,1
1094,2013-07-14,2013,7,14,2,,,4,1,2
1095,2013-07-21,2013,7,21,0,,,5,2,1
1096,2013-07-28,2013,7,28,0,,,1,3,2
1097,2013-08-04,2013,8,4,1,1,,1,4,3
1098,2013-08-11,2013,8,11,2,,,2,1,4
1099,2013-08-25,2013,8,25,2,,,3,2,1
1100,2013-09-01,2013,9,1,1,,,4,3,1
1101,2013-09-08,2013,9,8,0,,,5,1,2
1102,2013-09-15,2013,9,15,1,,,1,2,3
1103,2013-09-22,2013,9,22,2,,,2,1,4
1104,2013-09-29,2013,9,29,2,,,3,2,1
1105,2013-10-06,2013,10,6,1,,1,4,3,1
1106,2013-10-13,2013,10,13,0,,,5,1,2
1107,2013-10-20,2013,10,20,0,,,1,2,3
1108,2013-10-27,2013,10,27,2,,,1,3,4
1109,2013-11-03,2013,11,3,1,,,2,4,1
1110,2013-11-10,2013,11,10,1,,,3,1,2
1111,2013-11-17,2013,11,17,2,,,4,1,3
1112,2013-11-24,2013,11,24,0,,,5,2,1
1113,2013-12-01,2013,12,1,0,1,,1,3,2
1114,2013-12-01,2013,12,1,1,1,,1,4,3
1115,2013-12-08,2013,12,8,2,,,2,1,4
1116,2013-12-15,2013,12,15,2,,,3,2,1
1117,2013-12-22,2013,12,22,1,,,4,3,1
1118,2014-01-05,2014,1,5,1,,1,5,1,2
1119,2014-01-12,2014,1,12,0,,,6,1,3
1120,2014-01-19,2014,1,19,2,,,1,2,4
1121,2014-01-26,2014,1,26,0,,,2,3,1
1122,2014-02-02,2014,2,2,1,,,1,4,2
1123,2014-02-09,2014,2,9,2,,,2,1,3
1124,2014-02-16,2014,2,16,1,,,3,2,1
1125,2014-02-23,2014,2,23,0,,,4,1,2
1126,2014-03-02,2014,3,2,0,,,1,2,3
1127,2014-03-09,2014,3,9,2,,,1,3,4
1128,2014-03-16,2014,3,16,1,,,2,4,1
1129,2014-03-23,2014,3,23,2,,,3,1,2
1130,2014-03-30,2014,3,30,0,,,4,2,1
1131,2014-04-06,2014,4,6,1,,1,1,3,2
1132,2014-04-13,2014,4,13,0,,,2,1,3
1133,2014-04-20,2014,4,20,0,,,1,2,4
1134,2014-04-27,2014,4,27,2,,,1,3,5
1135,2014-05-04,2014,5,4,1,,,2,4,1
1136,2014-05-11,2014,5,11,2,,,3,1,2
1137,2014-05-18,2014,5,18,0,,,4,2,1
1138,2014-05-25,2014,5,25,2,,,1,3,2
1139,2014-06-01,2014,6,1,1,,,2,4,1
1140,2014-06-08,2014,6,8,2,,,3,1,2
1141,2014-06-15,2014,6,15,0,,,4,2,1
1142,2014-06-22,2014,6,22,1,,,1,3,2
1143,2014-06-29,2014,6,29,2,,,2,1,3
1144,2014-07-06,2014,7,6,1,,1,3,2,1
1145,2014-07-13,2014,7,13,0,,,4,1,2
1146,2014-07-20,2014,7,20,1,,,1,2,3
1147,2014-07-27,2014,7,27,1,1,,2,1,4
1148,2014-08-03,2014,8,3,2,,,3,1,5
1149,2014-08-10,2014,8,10,0,,,4,2,1
1150,2014-08-17,2014,8,17,2,,,1,3,2
1151,2014-08-24,2014,8,24,1,,,2,4,1
1152,2014-08-31,2014,8,31,2,,,3,1,2
1153,2014-09-07,2014,9,7,0,,,4,2,1
1154,2014-09-14,2014,9,14,1,,,1,3,2
1155,2014-09-21,2014,9,21,2,,,2,1,3
1156,2014-09-28,2014,9,28,2,,,3,2,1
1157,2014-10-05,2014,10,5,1,1,1,4,3,1
1158,2014-10-12,2014,10,12,0,,,5,1,2
1159,2014-10-19,2014,10,19,0,,,1,2,3
1160,2014-10-26,2014,10,26,1,,,1,3,4
1161,2014-11-02,2014,11,2,2,,,2,1,5
1162,2014-11-09,2014,11,9,0,,,3,2,1
1163,2014-11-16,2014,11,16,2,,,1,3,2
1164,2014-11-23,2014,11,23,1,,,2,4,1
1165,2014-11-30,2014,11,30,0,,,3,1,2
1166,2014-12-07,2014,12,7,1,,,1,2,3
1167,2014-12-21,2014,12,21,2,,,2,1,4
1168,2014-12-28,2014,12,28,0,,,3,2,1
1169,2015-01-04,2015,1,4,1,,1,1,3,2
1170,2015-01-11,2015,1,11,1,,,2,1,3
1171,2015-01-18,2015,1,18,0,,,3,1,4
1172,2015-02-01,2015,2,1,2,,,1,2,5
1173,2015-02-08,2015,2,8,2,,,2,3,1
1174,2015-02-15,2015,2,15,1,,,3,4,1
1175,2015-02-22,2015,2,22,0,,,4,1,2
1176,2015-03-01,2015,3,1,1,,,1,2,3
1177,2015-03-08,2015,3,8,2,,,2,1,4
1178,2015-03-15,2015,3,15,0,,,3,2,1
1179,2015-03-22,2015,3,22,1,,,1,3,2
1180,2015-03-29,2015,3,29,0,,,2,1,3
1181,2015-04-05,2015,4,5,1,,1,1,2,4
1182,2015-04-12,2015,4,12,2,,,2,1,5
1183,2015-04-19,2015,4,19,0,,,3,2,1
1184,2015-04-26,2015,4,26,0,,,1,3,2
1185,2015-05-03,2015,5,3,1,,,1,4,3
1186,2015-05-10,2015,5,10,2,,,2,1,4
1187,2015-05-17,2015,5,17,0,,,3,2,1
1188,2015-05-24,2015,5,24,2,,,1,3,2
1189,2015-05-31,2015,5,31,1,,,2,4,1
1190,2015-06-07,2015,6,7,0,,,3,1,2
1191,2015-06-14,2015,6,14,1,,,1,2,3
1192,2015-06-21,2015,6,21,2,,,2,1,4
1193,2015-06-28,2015,6,28,2,,,3,2,1
1194,2015-07-05,2015,7,5,1,,1,4,3,1
1195,2015-07-12,2015,7,12,0,,,5,1,2
1196,2015-07-19,2015,7,19,1,,,1,2,3
1197,2015-07-26,2015,7,26,1,1,,2,1,4
1198,2015-08-02,2015,8,2,2,,,3,1,5
1199,2015-08-09,2015,8,9,0,,,4,2,1
1200,2015-08-16,2015,8,16,0,,,1,3,2
1201,2015-08-23,2015,8,23,2,,,1,4,3
1202,2015-08-30,2015,8,30,1,,,2,5,1
1203,2015-09-06,2015,9,6,0,,,3,1,2
1204,2015-09-13,2015,9,13,1,,,1,2,3
1205,2015-09-20,2015,9,20,2,,,2,1,4
1206,2015-09-27,2015,9,27,0,,,3,2,1
1207,2015-10-04,2015,10,4,1,,1,1,3,2
1208,2015-10-11,2015,10,11,0,,,2,1,3
1209,2015-10-18,2015,10,18,2,,,1,2,4
1210,2015-10-25,2015,10,25,2,,,2,3,1
1211,2015-11-01,2015,11,1,1,,,3,4,1
1212,2015-11-08,2015,11,8,0,,,4,1,2
1213,2015-11-15,2015,11,15,0,,,1,2,3
1214,2015-11-22,2015,11,22,2,,,1,3,4
1215,2015-11-29,2015,11,29,1,,,2,4,1
1216,2015-12-06,2015,12,6,0,,,3,1,2
1217,2015-12-13,2015,12,13,2,,,1,2,3
1218,2015-12-20,2015,12,20,2,,,2,3,1
1219,2016-01-10,2016,1,10,1,,1,3,4,1
1220,2016-01-17,2016,1,17,0,,,4,1,2
1221,2016-01-24,2016,1,24,1,,,1,2,3
1222,2016-01-31,2016,1,31,0,,,2,1,4
1223,2016-02-07,2016,2,7,2,,,1,2,5
1224,2016-02-14,2016,2,14,1,,,2,3,1
1225,2016-02-21,2016,2,21,1,,,3,1,2
1226,2016-02-28,2016,2,28,0,,,4,1,3
1227,2016-03-06,2016,3,6,2,,,1,2,4
1228,2016-03-13,2016,3,13,2,,,2,3,1
1229,2016-03-20,2016,3,20,0,,,3,4,1
1230,2016-03-27,2016,3,27,1,1,,1,5,2
1231,2016-04-03,2016,4,3,2,,1,2,1,3
1232,2016-04-10,2016,4,10,0,,,3,2,1
1233,2016-04-17,2016,4,17,0,,,1,3,2
1234,2016-04-24,2016,4,24,1,,,1,4,3
1235,2016-05-01,2016,5,1,1,,,2,1,4
1236,2016-05-08,2016,5,8,2,,,3,1,5
1237,2016-05-15,2016,5,15,2,,,4,2,1
1238,2016-05-22,2016,5,22,0,,,5,3,1
1239,2016-05-29,2016,5,29,2,,,1,4,2
1240,2016-06-05,2016,6,5,1,,,2,5,1
1241,2016-06-12,2016,6,12,0,,,3,1,2
1242,2016-06-19,2016,6,19,2,,,1,2,3
1243,2016-06-26,2016,6,26,0,,,2,3,1
1244,2016-07-03,2016,7,3,1,,1,1,4,2
1245,2016-07-10,2016,7,10,1,,,2,1,3
1246,2016-07-17,2016,7,17,2,,,3,1,4
1247,2016-07-24,2016,7,24,1,1,,4,2,1
1248,2016-07-31,2016,7,31,0,,,5,1,2
1249,2016-08-07,2016,8,7,0,,,1,2,3
1250,2016-08-14,2016,8,14,1,,,1,3,4
1251,2016-08-21,2016,8,21,2,,,2,1,5
1252,2016-08-28,2016,8,28,1,,,3,2,1
1253,2016-09-04,2016,9,4,2,,,4,1,2
1254,2016-09-11,2016,9,11,0,,,5,2,1
1255,2016-09-18,2016,9,18,0,,,1,3,2
1256,2016-09-25,2016,9,25,2,,,1,4,3
1257,2016-10-02,2016,10,2,1,,1,2,5,1
1258,2016-10-09,2016,10,9,0,,,3,1,2
1259,2016-10-16,2016,10,16,1,,,1,2,3
1260,2016-10-30,2016,10,30,2,,,2,1,4
1261,2016-11-06,2016,11,6,1,,,3,2,1
1262,2016-11-13,2016,11,13,0,,,4,1,2
1263,2016-11-20,2016,11,20,0,,,1,2,3
1264,2016-11-27,2016,11,27,2,,,1,3,4
1265,2016-12-04,2016,12,4,2,,,2,4,1
1266,2016-12-11,2016,12,11,1,,,3,5,1
1267,2016-12-18,2016,12,18,0,,,4,1,2
1268,2016-12-25,2016,12,25,2,,,1,2,3
1269,2017-01-08,2017,1,8,1,,1,2,3,1
1270,2017-01-15,2017,1,15,1,,,3,1,2
1271,2017-01-22,2017,1,22,2,,,4,1,3
1272,2017-01-29,2017,1,29,0,,,5,2,1
1273,2017-02-05,2017,2,5,0,,,1,3,2
1274,2017-02-12,2017,2,12,2,,,1,4,3
1275,2017-02-19,2017,2,19,1,,,2,5,1
1276,2017-02-26,2017,2,26,1,,,3,1,2
1277,2017-03-05,2017,3,5,0,,,4,1,3
1278,2017-03-12,2017,3,12,2,,,1,2,4
1279,2017-03-26,2017,3,26,1,1,,2,3,1
1280,2017-04-02,2017,4,2,1,,1,3,1,2
1281,2017-04-09,2017,4,9,0,,,4,1,3
1282,2017-04-16,2017,4,16,2,,,1,2,4
1283,2017-04-23,2017,4,23,2,,,2,3,1
1284,2017-04-30,2017,4,30,1,,,3,4,1
1285,2017-05-07,2017,5,7,0,,,4,1,2
1286,2017-05-14,2017,5,14,2,,,1,2,3
1287,2017-05-21,2017,5,21,1,,,2,3,1
1288,2017-05-28,2017,5,28,0,,,3,1,2
1289,2017-06-04,2017,6,4,1,,,1,2,3
1290,2017-06-11,2017,6,11,2,,,2,1,4
1291,2017-06-18,2017,6,18,0,,,3,2,1
1292,2017-06-25,2017,6,25,0,,,1,3,2
1293,2017-07-02,2017,7,2,1,,1,1,4,3
1294,2017-07-09,2017,7,9,2,,,2,1,4
1295,2017-07-16,2017,7,16,0,,,3,2,1
1296,2017-07-23,2017,7,23,2,,,1,3,2
1297,2017-07-30,2017,7,30,1,,,2,4,1
1298,2017-08-06,2017,8,6,2,,,3,1,2
1299,2017-08-13,2017,8,13,0,,,4,2,1
1300,2017-08-20,2017,8,20,1,,,1,3,2
1301,2017-08-27,2017,8,27,0,,,2,1,3
1302,2017-09-03,2017,9,3,2,,,1,2,4
1303,2017-09-10,2017,9,10,2,1,,2,3,1
1304,2017-09-17,2017,9,17,1,,,3,4,1
1305,2017-09-24,2017,9,24,0,,,4,1,2
1306,2017-10-08,2017,10,8,1,,1,1,2,3
1307,2017-10-15,2017,10,15,2,,,2,1,4
1308,2017-10-22,2017,10,22,0,,,3,2,1
1309,2017-11-05,2017,11,5,1,,,1,3,2
1310,2017-11-12,2017,11,12,1,,,2,1,3
1311,2017-11-19,2017,11,19,0,,,3,1,4
1312,2017-11-26,2017,11,26,2,,,1,2,5
1313,2017-12-03,2017,12,3,2,,,2,3,1
1314,2017-12-10,2017,12,10,1,,,3,4,1
1315,2017-12-17,2017,12,17,0,,,4,1,2
1316,2017-12-24,2017,12,24,2,,,1,2,3
1317,2018-01-07,2018,1,7,1,1,1,2,3,1
1318,2018-01-14,2018,1,14,0,,,3,1,2
1319,2018-01-21,2018,1,21,1,,,1,2,3
1320,2018-01-28,2018,1,28,0,,,2,1,4
1321,2018-02-04,2018,2,4,2,,,1,2,5
1322,2018-02-11,2018,2,11,0,,,2,3,1
1323,2018-02-18,2018,2,18,1,,,1,4,2
1324,2018-02-25,2018,2,25,1,,,2,1,3
1325,2018-03-04,2018,3,4,2,,,3,1,4
1326,2018-03-11,2018,3,11,0,,,4,2,1
1327,2018-03-18,2018,3,18,0,,,1,3,2
1328,2018-03-25,2018,3,25,1,,,1,4,3
1329,2018-04-01,2018,4,1,1,,1,2,1,4
1330,2018-04-08,2018,4,8,0,,,3,1,5
1331,2018-04-15,2018,4,15,2,,,1,2,6
1332,2018-04-22,2018,4,22,2,,,2,3,1
1333,2018-04-29,2018,4,29,1,,,3,4,1
1334,2018-05-06,2018,5,6,0,,,4,1,2
1335,2018-05-13,2018,5,13,1,,,1,2,3
1336,2018-05-20,2018,5,20,2,,,2,1,4
1337,2018-05-27,2018,5,27,0,,,3,2,1
1338,2018-06-03,2018,6,3,1,,,1,3,2
1339,2018-06-10,2018,6,10,0,,,2,1,3
1340,2018-06-17,2018,6,17,2,,,1,2,4
1341,2018-06-24,2018,6,24,2,,,2,3,1
1342,2018-07-01,2018,7,1,1,,1,3,4,1
1343,2018-07-08,2018,7,8,0,,,4,1,2
1344,2018-07-15,2018,7,15,2,,,1,2,3
1345,2018-07-22,2018,7,22,0,,,2,3,1
1346,2018-07-29,2018,7,29,1,,,1,4,2
1347,2018-08-05,2018,8,5,1,,,2,1,3
1348,2018-08-12,2018,8,12,2,,,3,1,4
1349,2018-08-19,2018,8,19,0,,,4,2,1
1350,2018-08-26,2018,8,26,0,,,1,3,2
1351,2018-09-02,2018,9,2,2,,,1,4,3
1352,2018-09-09,2018,9,9,1,1,,2,5,1
1353,2018-09-16,2018,9,16,0,,,3,1,2
1354,2018-09-23,2018,9,23,1,,,1,2,3
1355,2018-09-30,2018,9,30,2,,,2,1,4
1356,2018-10-07,2018,10,7,1,,1,3,2,1
1357,2018-10-14,2018,10,14,0,,,4,1,2
1358,2018-10-21,2018,10,21,2,,,1,2,3
1359,2018-11-04,2018,11,4,2,,,2,3,1
1360,2018-11-11,2018,11,11,1,,,3,4,1
1361,2018-11-18,2018,11,18,1,,,4,1,2
1362,2018-11-25,2018,11,25,0,,,5,1,3
1363,2018-12-02,2018,12,2,0,,,1,2,4
1364,2018-12-09,2018,12,9,2,,,1,3,5
1365,2018-12-16,2018,12,16,1,,,2,4,1
1366,2019-01-06,2019,1,6,1,1,1,3,1,2
1367,2019-01-13,2019,1,13,2,,,4,1,3
1368,2019-01-20,2019,1,20,0,,,5,2,1
1369,2019-01-27,2019,1,27,1,,,1,3,2
1370,2019-02-03,2019,2,3,0,,,2,1,3
1371,2019-02-10,2019,2,10,2,,,1,2,4
1372,2019-02-17,2019,2,17,2,,,2,3,1
1373,2019-02-24,2019,2,24,1,,,3,4,1
1374,2019-03-03,2019,3,3,1,,,4,1,2
1375,2019-03-10,2019,3,10,0,,,5,1,3
1376,2019-03-17,2019,3,17,1,,,1,2,4
1377,2019-03-24,2019,3,24,2,,,2,1,5
1378,2019-03-31,2019,3,31,0,,,3,2,1
1379,2019-04-07,2019,4,7,1,,1,1,3,2
1380,2019-04-14,2019,4,14,1,,,2,1,3
1381,2019-04-21,2019,4,21,0,,,3,1,4
1382,2019-04-28,2019,4,28,2,,,1,2,5
1383,2019-05-05,2019,5,5,1,,,2,3,1
1384,2019-05-12,2019,5,12,2,,,3,1,2
1385,2019-05-19,2019,5,19,0,,,4,2,1
1386,2019-05-26,2019,5,26,0,,,1,3,2
1387,2019-06-02,2019,6,2,1,,,1,4,3
1388,2019-06-09,2019,6,9,2,,,2,1,4
1389,2019-06-16,2019,6,16,0,,,3,2,1
1390,2019-06-23,2019,6,23,1,,,1,3,2
1391,2019-06-30,2019,6,30,2,,,2,1,3
1392,2019-07-07,2019,7,7,1,,1,3,2,1
1393,2019-07-14,2019,7,14,0,,,4,1,2
1394,2019-07-21,2019,7,21,1,,,1,2,3
1395,2019-07-28,2019,7,28,2,,,2,1,4
1396,2019-08-04,2019,8,4,2,,,3,2,1
1397,2019-08-11,2019,8,11,0,,,4,3,1
1398,2019-08-18,2019,8,18,1,,,1,4,2
1399,2019-08-25,2019,8,25,0,,,2,1,3
1400,2019-09-01,2019,9,1,1,,,1,2,4
1401,2019-09-08,2019,9,8,2,,,2,1,5
1402,2019-09-15,2019,9,15,0,,,3,2,1
1403,2019-09-22,2019,9,22,2,,,1,3,2
1404,2019-09-29,2019,9,29,1,,,2,4,1
1405,2019-10-06,2019,10,6,1,,1,3,1,2
1406,2019-10-13,2019,10,13,0,,,4,1,3
1407,2019-10-20,2019,10,20,2,,,1,2,4
1408,2019-10-27,2019,10,27,0,,,2,3,1
1409,2019-11-03,2019,11,3,1,1,,1,4,2
1410,2019-11-10,2019,11,10,2,,,2,1,3
1411,2019-11-17,2019,11,17,1,,,3,2,1
1412,2019-11-24,2019,11,24,1,1,,4,1,2
1413,2019-12-01,2019,12,1,0,,,5,1,3
1414,2019-12-08,2019,12,8,2,,,1,2,4
1415,2019-12-15,2019,12,15,0,,,2,3,1
1416,2019-12-22,2019,12,22,1,,,1,4,2
1417,2019-12-29,2019,12,29,2,,,2,1,3
1418,2020-01-05,2020,1,5,1,,1,3,2,1
1419,2020-01-12,2020,1,12,0,,,4,1,2
1420,2020-01-26,2020,1,26,2,,,1,2,3
1421,2020-02-02,2020,2,2,1,1,,2,3,1
1422,2020-02-09,2020,2,9,2,,,3,1,2
1423,2020-02-16,2020,2,16,2,,,4,2,1
1424,2020-02-23,2020,2,23,0,,,5,3,1
1425,2020-03-01,2020,3,1,1,,,1,4,2
1426,2020-03-08,2020,3,8,0,,,2,1,3
1427,2020-03-15,2020,3,15,1,,,1,2,4
1428,2020-03-22,2020,3,22,2,,,2,1,5
1429,2020-03-29,2020,3,29,0,,,3,2,1
1430,2020-04-05,2020,4,5,1,,1,1,3,2
1431,2020-04-12,2020,4,12,1,,,2,1,3
1432,2020-04-19,2020,4,19,2,,,3,1,4
1433,2020-04-26,2020,4,26,0,,,4,2,1
1434,2020-05-03,2020,5,3,1,,,1,3,2
1435,2020-05-10,2020,5,10,2,,,2,1,3
1436,2020-05-17,2020,5,17,2,,,3,2,1
1437,2020-05-24,2020,5,24,2,,,4,3,1
1438,2020-05-31,2020,5,31,2,,,5,4,1
1439,2020-06-07,2020,6,7,2,,,6,5,1
1440,2020-06-14,2020,6,14,1,,,7,6,1
1441,2020-06-21,2020,6,21,2,,,8,1,2
1442,2020-06-28,2020,6,28,0,,,9,2,1
1443,2020-07-05,2020,7,5,1,,1,1,3,2
